{"cameraMode":{"drawMode":0,"name":"Shaded","section":"Shading Mode"},"sceneLighting":true,"audioPlay":false,"sceneViewState":{"m_AlwaysRefresh":false,"showFog":true,"showSkybox":true,"showFlares":true,"showImageEffects":true,"showParticleSystems":true,"showVisualEffectGraphs":true,"m_FxEnabled":true},"in2DMode":false,"pivot":{"x":0.5673023462295532,"y":5.734524726867676,"z":-11.558670043945313},"rotation":{"x":-0.05798925831913948,"y":0.9015016555786133,"z":-0.4094278812408447,"w":-0.12768429517745973},"size":13.978957176208496,"orthographic":true}